{
  "baseline_objective": 495.54467916828713,
  "cf_delta": -0.14046080084051482,
  "cf_parsed": {
    "best_guess": {
      "tour": [
        16,
        2,
        10,
        9,
        11,
        13,
        4,
        15,
        17,
        7,
        5,
        18,
        12,
        6,
        8,
        1,
        19,
        0,
        3,
        14
      ]
    },
    "continue_forecast": {
      "expected_delta_score": 0.8,
      "expected_gap_reduction": 1.5,
      "p_improve": 0.2
    },
    "decision": "stop",
    "next_sub": null,
    "quality_forecast": {
      "p_gap_le_10": 0.4,
      "p_gap_le_2": 0.05,
      "p_gap_le_5": 0.15
    },
    "subtask_body": "Final 2-opt pass on current best tour [16,2,10,9,11,13,4,15,17,7,5,18,12,6,8,1,19,0,3,14].\n\nLet me try a few more specific swaps:\n\nTry moving city 6(52,51) between 11(31,67) and 13(25,58):\nTour: 16,2,10,9,11,6,13,4,15,17,7,5,18,12,8,1,19,0,3,14\u219216\n- 11\u21926: sqrt(21\u00b2+16\u00b2)=26.4, 6\u219213: sqrt(27\u00b2+7\u00b2)=27.9, 12\u21928: 12, 14\u219216: 59\nvs 11\u219213: 9, 13\u21926(later removed), 12\u21926: 20, 6\u21928: 22\nChange: +26.4+27.9+12+59 vs +9+20+22+59 = 125.3 vs 110. Worse.\n\nTry: 16,2,10,9,11,13,4,15,17,7,5,18,12,8,6,1,19,0,3,14\u219216\n- 12\u21928: 12, 8\u21926: 22, 6\u21921: sqrt(25\u00b2+6\u00b2)=25.7 vs 12\u21926: 20, 6\u21928: 22, 8\u21921: 7. Cost: 59.7 vs 49. Worse.\n\nTry: place 6 between 19 and 0: ...1,19,6,0,3,14...\n- 19\u21926: sqrt(39\u00b2+0\u00b2)=39, 6\u21920: sqrt(24\u00b2+20\u00b2)=31.2, vs 19\u21920: 16. Net: +54.2. Worse.\n\nTry 2-opt reversing [11,13,4,15,17,7,5,18,12,6,8,1,19,0,3]:\nSwap edges (9,11) and (3,14): connect 9\u21923 and 11\u219214.\n9\u21923: sqrt(66\u00b2+9\u00b2)=66.6, 11\u219214: 35 vs 9\u219211: 18, 3\u219214: 20. Cost: 101.6 vs 38. Much worse.\n\nTry swap edges (0,3) and (14,16): connect 0\u219214 and 3\u219216.\n0\u219214: sqrt(15\u00b2+14\u00b2)=20.5, 3\u219216: sqrt(78\u00b2+11\u00b2)=78.8 vs 0\u21923: 6, 14\u219216: 59. Cost: 99.3 vs 65. Worse.\n\nCurrent best remains [16,2,10,9,11,13,4,15,17,7,5,18,12,6,8,1,19,0,3,14] \u2248383.",
    "subtask_id": 4,
    "updated_plan_state": "Final answer is tour [16,2,10,9,11,13,4,15,17,7,5,18,12,6,8,1,19,0,3,14] with estimated length ~383, approximately 22.5% below baseline 495.5. No further improvements found via 2-opt or or-opt."
  },
  "class": "tsp",
  "difficulty": "hard",
  "error": null,
  "feasible": true,
  "final_evaluation": {
    "details": {
      "baseline_length": 495.54467916828713,
      "computed_length": 393.2906090558055,
      "normalized_tour": [
        0,
        3,
        14,
        16,
        2,
        10,
        9,
        11,
        13,
        4,
        15,
        17,
        7,
        5,
        18,
        12,
        6,
        8,
        1,
        19
      ],
      "optimal_length": 373.5454706811403
    },
    "feasible": true,
    "gap_pct": 5.285872785088518,
    "mode": "solo",
    "submission": {
      "tour": [
        16,
        2,
        10,
        9,
        11,
        13,
        4,
        15,
        17,
        7,
        5,
        18,
        12,
        6,
        8,
        1,
        19,
        0,
        3,
        14
      ]
    }
  },
  "final_submission_source": "cf_parsed",
  "gap_pct": 5.285872785088518,
  "gold_objective": 373.5454706811403,
  "id": "tsp_hard_seed7",
  "model": "claude-sonnet-4.6",
  "model_slug": "claude-sonnet-4.6",
  "n_exec_turns": 3,
  "parse_events": [
    {
      "missing_or_invalid": [],
      "mode": "strict",
      "turn_index": 2
    },
    {
      "missing_or_invalid": [],
      "mode": "strict",
      "turn_index": 3
    },
    {
      "missing_or_invalid": [],
      "mode": "strict",
      "turn_index": 4
    },
    {
      "missing_or_invalid": [],
      "mode": "cf_strict",
      "turn_index": 5
    }
  ],
  "parse_path": "strict_protocol_cf",
  "parsed": {
    "best_guess": {
      "tour": [
        16,
        2,
        10,
        9,
        11,
        13,
        4,
        15,
        17,
        7,
        5,
        18,
        12,
        6,
        8,
        1,
        19,
        0,
        3,
        14
      ]
    },
    "continue_forecast": {
      "expected_delta_score": 1.5,
      "expected_gap_reduction": 2.5,
      "p_improve": 0.35
    },
    "decision": "stop",
    "next_sub": null,
    "quality_forecast": {
      "p_gap_le_10": 0.4,
      "p_gap_le_2": 0.05,
      "p_gap_le_5": 0.15
    },
    "subtask_body": "Or-opt analysis: try relocating city 7 to different positions.\n\nCurrent tour: [16,2,10,9,11,13,4,15,17,7,5,18,12,6,8,1,19,0,3,14] \u2248383\nCity 7(5,8) currently between 17(5,49) and 5(67,20): costs 41+63=104, saves 17\u21925=68. Net penalty=36.\n\nTry inserting 7 between 5(67,20) and 18(58,29): 5\u21927=63, 7\u219218=sqrt(53\u00b2+21\u00b2)=57. vs 5\u219218=14. Net: 63+57-14=106 worse.\nTry inserting 7 between 15(22,45) and 4(21,54): 15\u21927=40.8, 7\u21924=sqrt(16\u00b2+46\u00b2)=49. vs 15\u21924=9. Net: 80.8 worse.\nTry inserting 7 at end of tour near 17: already there.\n\nCity 7 is best placed between 17 and 5 (or near that area). The 63-unit edge is unavoidable.\n\nTry 2-opt: swap edges (17,7) and (5,18) \u2192 connect 17\u21925 and 7\u219218: reverse segment [7,5] \u2192 [5,7].\nNew tour: ...15,17,5,7,18,12... 17\u21925=68, 7\u219218=57 vs 17\u21927=41, 5\u219218=14. Cost: 125 vs 55. Worse.\n\nTry 2-opt: swap (7,5) and (12,6): reverse [5,18,12] \u2192 [12,18,5].\n...17,7,12,18,5,6,8... 7\u219212=sqrt(55\u00b2+28\u00b2)=62, 5\u21926=sqrt(15\u00b2+31\u00b2)=34 vs 7\u21925=63, 12\u21926=20. Cost: 62+34=96 vs 63+20=83. Worse.\n\nTry tour: 16,2,10,9,11,13,4,15,17,7,5,18,12,8,1,19,0,3,14,6\u219216\n- 12\u21928: sqrt(11\u00b2+5\u00b2)=12, 14\u21926: sqrt(9\u00b2+34\u00b2)=35, 6\u219216: 57. vs 12\u21926=20, 6\u21928=22, 14\u219216=59. \n- Change: 12+35+57=104 vs 20+22+59=101. Slightly worse.\n\nTry: ...6,12,18,5,7,17,15,4,13... with 13 connecting back differently.\nTour: 16,2,10,9,11,14,3,0,19,1,8,6,12,18,5,7,17,15,4,13\u219216\n13\u219216: sqrt(23\u00b2+29\u00b2)=37. Total \u2248 3+22+8+18+35+20+6+16+15+7+22+20+8+14+63+41+17+9+5+37=386. Worse.\n\nKeeping current best \u2248383.",
    "subtask_id": 3,
    "updated_plan_state": "Current best \u2248383 (~22.5% below baseline 495.5). City 7's isolation makes further improvement difficult. The 14\u219216 edge (\u224859) and 7\u21925 edge (\u224863) dominate. One more attempt to find a better routing for these."
  },
  "score": 93.90271204448966,
  "score_after_cf": 93.90271204448966,
  "score_at_stop": 94.04317284533018,
  "seed": 7,
  "stop_reason": "decision_stop",
  "transcript": [
    {
      "content": "PLAN_STATE: Use nearest-neighbor heuristic to build an initial tour, then apply 2-opt improvements manually. Start from baseline tour [0,3,14,11,13,4,15,17,9,10,16,2,6,12,18,5,8,1,19,7] and try to find better orderings by examining obvious crossing edges and fixing them. Target: get tour length below ~430 (>13% improvement).\n\nKey observations from coordinates:\n- Cities cluster: NE cluster (0,3,14,19,1,8), W cluster (2,16,9,10,4,13,15,17,7), middle (6,11,12,18,5)\n- Baseline has city 7 (5,8) awkwardly placed at end, far from neighbors\n- Need to route through geographic clusters efficiently\n\nStrategy: Build tour by geographic sweep, then apply 2-opt swaps mentally to remove crossings.\n\nNEXT_SUB: {\"id\": 1, \"desc\": \"Construct improved tour using geographic clustering and 2-opt refinement\", \"p_solve\": 0.75, \"time_budget_s\": 300}",