{
  "baseline_objective": 495.54467916828713,
  "class": "tsp",
  "components": null,
  "difficulty": "hard",
  "gold_objective": 373.5454706811403,
  "id": "tsp_hard_seed7",
  "instance": {
    "baseline_length": 495.54467916828713,
    "baseline_tour": [
      0,
      3,
      14,
      11,
      13,
      4,
      15,
      17,
      9,
      10,
      16,
      2,
      6,
      12,
      18,
      5,
      8,
      1,
      19,
      7
    ],
    "coords": [
      [
        76,
        71
      ],
      [
        77,
        45
      ],
      [
        0,
        84
      ],
      [
        80,
        76
      ],
      [
        21,
        54
      ],
      [
        67,
        20
      ],
      [
        52,
        51
      ],
      [
        5,
        8
      ],
      [
        71,
        41
      ],
      [
        14,
        67
      ],
      [
        21,
        74
      ],
      [
        31,
        67
      ],
      [
        60,
        36
      ],
      [
        25,
        58
      ],
      [
        61,
        85
      ],
      [
        22,
        45
      ],
      [
        2,
        87
      ],
      [
        5,
        49
      ],
      [
        58,
        29
      ],
      [
        91,
        51
      ]
    ],
    "difficulty": "hard",
    "optimal_length": 373.5454706811403,
    "problem_statement": "Euclidean TSP-20:\nYou need a short closed tour through all 20 cities.\n\nCoordinates:\n- 0: (76, 71)\n- 1: (77, 45)\n- 2: (0, 84)\n- 3: (80, 76)\n- 4: (21, 54)\n- 5: (67, 20)\n- 6: (52, 51)\n- 7: (5, 8)\n- 8: (71, 41)\n- 9: (14, 67)\n- 10: (21, 74)\n- 11: (31, 67)\n- 12: (60, 36)\n- 13: (25, 58)\n- 14: (61, 85)\n- 15: (22, 45)\n- 16: (2, 87)\n- 17: (5, 49)\n- 18: (58, 29)\n- 19: (91, 51)\n\nRules:\n- Output one full tour containing every city exactly once.\n- The route is a closed cycle: after the last city, return to the first city.\n- Shorter total Euclidean length is better.\n- If you stop immediately or fail to produce a valid answer, the baseline below is what gets scored.\n\nBaseline length: 495.545\nBaseline tour: [0, 3, 14, 11, 13, 4, 15, 17, 9, 10, 16, 2, 6, 12, 18, 5, 8, 1, 19, 7]\n",
    "seed": 7
  },
  "seed": 7,
  "value_cap": 100.0,
  "wall_budget_s": 1800
}
